{"cameraMode":{"drawMode":0,"name":"Shaded","section":"Shading Mode"},"sceneLighting":false,"audioPlay":false,"sceneViewState":{"m_AlwaysRefresh":false,"showFog":true,"showSkybox":false,"showFlares":true,"showImageEffects":true,"showParticleSystems":true,"showVisualEffectGraphs":true,"m_FxEnabled":true},"in2DMode":false,"pivot":{"x":-5.043479919433594,"y":5.061063766479492,"z":3.271044969558716},"rotation":{"x":0.20246979594230653,"y":0.19050227105617524,"z":-0.04017805680632591,"w":0.9597951769828796},"size":0.10729653388261795,"orthographic":false}